{"cameraMode":{"drawMode":0,"name":"Shaded","section":"Shading Mode"},"sceneLighting":false,"audioPlay":false,"sceneViewState":{"m_AlwaysRefresh":false,"showFog":true,"showSkybox":false,"showFlares":true,"showImageEffects":true,"showParticleSystems":true,"showVisualEffectGraphs":true,"m_FxEnabled":true},"in2DMode":false,"pivot":{"x":-7.618165493011475,"y":8.882187843322754,"z":-0.23431408405303956},"rotation":{"x":-0.059354376047849658,"y":0.9386053085327148,"z":-0.20625638961791993,"w":-0.2701024115085602},"size":0.8660253882408142,"orthographic":false}